timestamp,flow_rate
2025-09-01 00:00:00,101.2
2025-09-01 01:00:00,106.77
2025-09-01 02:00:00,112.32
2025-09-01 03:00:00,115.85
2025-09-01 04:00:00,114.24
2025-09-01 05:00:00,123.7
2025-09-01 06:00:00,124.97
2025-09-01 07:00:00,118.41
2025-09-01 08:00:00,117.68
2025-09-01 09:00:00,112.2
2025-09-01 10:00:00,105.32
2025-09-01 11:00:00,109.92
2025-09-01 12:00:00,102.72
2025-09-01 13:00:00,96.96
2025-09-01 14:00:00,83.37
2025-09-01 15:00:00,85.08
2025-09-01 16:00:00,80.44
2025-09-01 17:00:00,79.3
2025-09-01 18:00:00,78.14
2025-09-01 19:00:00,82.07
2025-09-01 20:00:00,84.13
2025-09-01 21:00:00,87.73
2025-09-01 22:00:00,85.98
2025-09-01 23:00:00,90.28
2025-09-02 00:00:00,108.44
2025-09-02 01:00:00,115.28
2025-09-02 02:00:00,116.65
2025-09-02 03:00:00,120.35
2025-09-02 04:00:00,126.04
2025-09-02 05:00:00,132.06
2025-09-02 06:00:00,125.74
2025-09-02 07:00:00,133.22
2025-09-02 08:00:00,126.7
2025-09-02 09:00:00,119.17
2025-09-02 10:00:00,115.05
2025-09-02 11:00:00,111.19
2025-09-02 12:00:00,108.4
2025-09-02 13:00:00,97.37
2025-09-02 14:00:00,100.56
2025-09-02 15:00:00,94.09
2025-09-02 16:00:00,91.95
2025-09-02 17:00:00,89.06
2025-09-02 18:00:00,86.81
2025-09-02 19:00:00,86.4
2025-09-02 20:00:00,92.53
2025-09-02 21:00:00,94.43
2025-09-02 22:00:00,97.36
2025-09-02 23:00:00,98.52
2025-09-03 00:00:00,109.29
2025-09-03 01:00:00,113.64
2025-09-03 02:00:00,120.24
2025-09-03 03:00:00,124.73
2025-09-03 04:00:00,129.1
2025-09-03 05:00:00,126.74
2025-09-03 06:00:00,124.0
2025-09-03 07:00:00,128.19
2025-09-03 08:00:00,128.83
2025-09-03 09:00:00,119.89
2025-09-03 10:00:00,123.28
2025-09-03 11:00:00,118.1
2025-09-03 12:00:00,106.17
2025-09-03 13:00:00,108.73
2025-09-03 14:00:00,93.31
2025-09-03 15:00:00,94.55
2025-09-03 16:00:00,89.77
2025-09-03 17:00:00,97.25
2025-09-03 18:00:00,91.63
2025-09-03 19:00:00,84.28
2025-09-03 20:00:00,91.71
2025-09-03 21:00:00,93.99
2025-09-03 22:00:00,98.25
2025-09-03 23:00:00,106.75
2025-09-04 00:00:00,98.68
2025-09-04 01:00:00,112.68
2025-09-04 02:00:00,114.95
2025-09-04 03:00:00,117.55
2025-09-04 04:00:00,114.89
2025-09-04 05:00:00,123.46
2025-09-04 06:00:00,126.53
2025-09-04 07:00:00,126.04
2025-09-04 08:00:00,120.91
2025-09-04 09:00:00,116.53
2025-09-04 10:00:00,118.19
2025-09-04 11:00:00,106.09
2025-09-04 12:00:00,107.16
2025-09-04 13:00:00,94.78
2025-09-04 14:00:00,96.64
2025-09-04 15:00:00,84.59
2025-09-04 16:00:00,86.93
2025-09-04 17:00:00,88.5
2025-09-04 18:00:00,89.9
2025-09-04 19:00:00,87.82
2025-09-04 20:00:00,87.91
2025-09-04 21:00:00,90.66
2025-09-04 22:00:00,95.91
2025-09-04 23:00:00,96.21
2025-09-05 00:00:00,95.51
2025-09-05 01:00:00,102.87
2025-09-05 02:00:00,104.88
2025-09-05 03:00:00,114.23
2025-09-05 04:00:00,115.27
2025-09-05 05:00:00,114.91
2025-09-05 06:00:00,117.95
2025-09-05 07:00:00,118.59
2025-09-05 08:00:00,108.81
2025-09-05 09:00:00,106.08
2025-09-05 10:00:00,97.36
2025-09-05 11:00:00,99.93
2025-09-05 12:00:00,101.66
2025-09-05 13:00:00,90.75
2025-09-05 14:00:00,89.85
2025-09-05 15:00:00,84.77
2025-09-05 16:00:00,76.15
2025-09-05 17:00:00,77.1
2025-09-05 18:00:00,78.53
2025-09-05 19:00:00,73.87
2025-09-05 20:00:00,75.91
2025-09-05 21:00:00,87.0
2025-09-05 22:00:00,84.21
2025-09-05 23:00:00,90.66
2025-09-06 00:00:00,85.26
2025-09-06 01:00:00,92.63
2025-09-06 02:00:00,98.33
2025-09-06 03:00:00,105.29
2025-09-06 04:00:00,108.96
2025-09-06 05:00:00,107.67
2025-09-06 06:00:00,113.71
2025-09-06 07:00:00,110.44
2025-09-06 08:00:00,108.62
2025-09-06 09:00:00,109.62
2025-09-06 10:00:00,97.16
2025-09-06 11:00:00,93.6
2025-09-06 12:00:00,91.06
2025-09-06 13:00:00,84.54
2025-09-06 14:00:00,83.03
2025-09-06 15:00:00,76.96
2025-09-06 16:00:00,72.72
2025-09-06 17:00:00,70.7
2025-09-06 18:00:00,68.67
2025-09-06 19:00:00,65.93
2025-09-06 20:00:00,70.55
2025-09-06 21:00:00,76.9
2025-09-06 22:00:00,81.64
2025-09-06 23:00:00,83.95
2025-09-07 00:00:00,94.83
2025-09-07 01:00:00,100.29
2025-09-07 02:00:00,104.17
2025-09-07 03:00:00,107.49
2025-09-07 04:00:00,105.63
2025-09-07 05:00:00,114.46
2025-09-07 06:00:00,108.81
2025-09-07 07:00:00,109.29
2025-09-07 08:00:00,111.36
2025-09-07 09:00:00,107.95
2025-09-07 10:00:00,106.84
2025-09-07 11:00:00,97.38
2025-09-07 12:00:00,88.58
2025-09-07 13:00:00,86.01
2025-09-07 14:00:00,78.58
2025-09-07 15:00:00,80.16
2025-09-07 16:00:00,76.04
2025-09-07 17:00:00,70.15
2025-09-07 18:00:00,72.73
2025-09-07 19:00:00,76.67
2025-09-07 20:00:00,73.97
2025-09-07 21:00:00,79.95
2025-09-07 22:00:00,78.69
2025-09-07 23:00:00,87.27
2025-09-08 00:00:00,105.82
2025-09-08 01:00:00,107.79
2025-09-08 02:00:00,110.59
2025-09-08 03:00:00,111.64
2025-09-08 04:00:00,116.73
2025-09-08 05:00:00,122.9
2025-09-08 06:00:00,119.38
2025-09-08 07:00:00,120.04
2025-09-08 08:00:00,117.87
2025-09-08 09:00:00,111.24
2025-09-08 10:00:00,110.23
2025-09-08 11:00:00,102.38
2025-09-08 12:00:00,95.64
2025-09-08 13:00:00,98.63
2025-09-08 14:00:00,84.98
2025-09-08 15:00:00,83.5
2025-09-08 16:00:00,83.51
2025-09-08 17:00:00,85.03
2025-09-08 18:00:00,84.4
2025-09-08 19:00:00,82.14
2025-09-08 20:00:00,86.85
2025-09-08 21:00:00,84.6
2025-09-08 22:00:00,88.03
2025-09-08 23:00:00,97.89
2025-09-09 00:00:00,103.11
2025-09-09 01:00:00,114.83
2025-09-09 02:00:00,117.01
2025-09-09 03:00:00,121.14
2025-09-09 04:00:00,133.35
2025-09-09 05:00:00,130.36
2025-09-09 06:00:00,130.27
2025-09-09 07:00:00,127.11
2025-09-09 08:00:00,121.53
2025-09-09 09:00:00,125.29
2025-09-09 10:00:00,118.85
2025-09-09 11:00:00,107.66
2025-09-09 12:00:00,110.05
2025-09-09 13:00:00,103.79
2025-09-09 14:00:00,92.57
2025-09-09 15:00:00,91.74
2025-09-09 16:00:00,90.85
2025-09-09 17:00:00,90.94
2025-09-09 18:00:00,88.88
2025-09-09 19:00:00,87.71
2025-09-09 20:00:00,91.29
2025-09-09 21:00:00,97.67
2025-09-09 22:00:00,100.22
2025-09-09 23:00:00,105.16
2025-09-10 00:00:00,114.31
2025-09-10 01:00:00,124.22
2025-09-10 02:00:00,119.17
2025-09-10 03:00:00,124.79
2025-09-10 04:00:00,122.54
2025-09-10 05:00:00,130.49
2025-09-10 06:00:00,126.72
2025-09-10 07:00:00,128.69
2025-09-10 08:00:00,128.12
2025-09-10 09:00:00,126.01
2025-09-10 10:00:00,126.24
2025-09-10 11:00:00,113.59
2025-09-10 12:00:00,111.24
2025-09-10 13:00:00,107.2
2025-09-10 14:00:00,103.13
2025-09-10 15:00:00,98.43
2025-09-10 16:00:00,92.3
2025-09-10 17:00:00,96.07
2025-09-10 18:00:00,95.7
2025-09-10 19:00:00,94.01
2025-09-10 20:00:00,95.63
2025-09-10 21:00:00,99.05
2025-09-10 22:00:00,104.41
2025-09-10 23:00:00,103.79
2025-09-11 00:00:00,79.38
2025-09-11 01:00:00,85.66
2025-09-11 02:00:00,85.99
2025-09-11 03:00:00,92.38
2025-09-11 04:00:00,94.56
2025-09-11 05:00:00,101.35
2025-09-11 06:00:00,130.91
2025-09-11 07:00:00,125.4
2025-09-11 08:00:00,120.42
2025-09-11 09:00:00,118.26
2025-09-11 10:00:00,122.1
2025-09-11 11:00:00,107.15
2025-09-11 12:00:00,98.39
2025-09-11 13:00:00,103.64
2025-09-11 14:00:00,99.69
2025-09-11 15:00:00,95.13
2025-09-11 16:00:00,90.67
2025-09-11 17:00:00,81.78
2025-09-11 18:00:00,82.47
2025-09-11 19:00:00,82.71
2025-09-11 20:00:00,86.41
2025-09-11 21:00:00,88.44
2025-09-11 22:00:00,96.05
2025-09-11 23:00:00,100.03
2025-09-12 00:00:00,104.0
2025-09-12 01:00:00,98.53
2025-09-12 02:00:00,105.33
2025-09-12 03:00:00,116.68
2025-09-12 04:00:00,111.15
2025-09-12 05:00:00,123.43
2025-09-12 06:00:00,115.04
2025-09-12 07:00:00,116.98
2025-09-12 08:00:00,115.67
2025-09-12 09:00:00,115.35
2025-09-12 10:00:00,103.79
2025-09-12 11:00:00,104.49
2025-09-12 12:00:00,96.78
2025-09-12 13:00:00,89.16
2025-09-12 14:00:00,90.72
2025-09-12 15:00:00,79.04
2025-09-12 16:00:00,76.42
2025-09-12 17:00:00,72.39
2025-09-12 18:00:00,82.88
2025-09-12 19:00:00,80.76
2025-09-12 20:00:00,82.01
2025-09-12 21:00:00,84.18
2025-09-12 22:00:00,88.43
2025-09-12 23:00:00,89.97
2025-09-13 00:00:00,87.87
2025-09-13 01:00:00,97.43
2025-09-13 02:00:00,100.02
2025-09-13 03:00:00,107.1
2025-09-13 04:00:00,111.55
2025-09-13 05:00:00,117.93
2025-09-13 06:00:00,106.84
2025-09-13 07:00:00,108.02
2025-09-13 08:00:00,107.8
2025-09-13 09:00:00,106.24
2025-09-13 10:00:00,103.83
2025-09-13 11:00:00,99.94
2025-09-13 12:00:00,95.4
2025-09-13 13:00:00,90.99
2025-09-13 14:00:00,84.85
2025-09-13 15:00:00,78.01
2025-09-13 16:00:00,71.83
2025-09-13 17:00:00,74.77
2025-09-13 18:00:00,70.14
2025-09-13 19:00:00,68.57
2025-09-13 20:00:00,69.65
2025-09-13 21:00:00,73.49
2025-09-13 22:00:00,76.46
2025-09-13 23:00:00,85.45
2025-09-14 00:00:00,92.48
2025-09-14 01:00:00,97.74
2025-09-14 02:00:00,100.78
2025-09-14 03:00:00,107.94
2025-09-14 04:00:00,116.27
2025-09-14 05:00:00,112.73
2025-09-14 06:00:00,112.57
2025-09-14 07:00:00,119.35
2025-09-14 08:00:00,113.17
2025-09-14 09:00:00,104.74
2025-09-14 10:00:00,101.08
2025-09-14 11:00:00,99.51
2025-09-14 12:00:00,89.52
2025-09-14 13:00:00,88.74
2025-09-14 14:00:00,85.56
2025-09-14 15:00:00,78.67
2025-09-14 16:00:00,79.64
2025-09-14 17:00:00,73.09
2025-09-14 18:00:00,70.3
2025-09-14 19:00:00,69.49
2025-09-14 20:00:00,73.28
2025-09-14 21:00:00,75.01
2025-09-14 22:00:00,83.19
2025-09-14 23:00:00,89.02
2025-09-15 00:00:00,102.93
2025-09-15 01:00:00,103.47
2025-09-15 02:00:00,108.16
2025-09-15 03:00:00,116.14
2025-09-15 04:00:00,118.7
2025-09-15 05:00:00,118.68
2025-09-15 06:00:00,118.0
2025-09-15 07:00:00,115.5
2025-09-15 08:00:00,120.32
2025-09-15 09:00:00,118.82
2025-09-15 10:00:00,116.55
2025-09-15 11:00:00,109.99
2025-09-15 12:00:00,102.01
2025-09-15 13:00:00,90.57
2025-09-15 14:00:00,93.82
2025-09-15 15:00:00,85.56
2025-09-15 16:00:00,79.9
2025-09-15 17:00:00,78.88
2025-09-15 18:00:00,79.48
2025-09-15 19:00:00,84.22
2025-09-15 20:00:00,84.23
2025-09-15 21:00:00,83.55
2025-09-15 22:00:00,96.36
2025-09-15 23:00:00,102.24
2025-09-16 00:00:00,108.32
2025-09-16 01:00:00,112.91
2025-09-16 02:00:00,120.78
2025-09-16 03:00:00,125.99
2025-09-16 04:00:00,123.8
2025-09-16 05:00:00,123.54
2025-09-16 06:00:00,129.22
2025-09-16 07:00:00,124.5
2025-09-16 08:00:00,129.03
2025-09-16 09:00:00,122.86
2025-09-16 10:00:00,118.02
2025-09-16 11:00:00,118.23
2025-09-16 12:00:00,105.52
2025-09-16 13:00:00,103.93
2025-09-16 14:00:00,91.76
2025-09-16 15:00:00,95.42
2025-09-16 16:00:00,93.94
2025-09-16 17:00:00,92.65
2025-09-16 18:00:00,87.93
2025-09-16 19:00:00,89.23
2025-09-16 20:00:00,96.37
2025-09-16 21:00:00,92.8
2025-09-16 22:00:00,95.6
2025-09-16 23:00:00,98.96
2025-09-17 00:00:00,109.73
2025-09-17 01:00:00,114.23
2025-09-17 02:00:00,120.42
2025-09-17 03:00:00,127.95
2025-09-17 04:00:00,125.16
2025-09-17 05:00:00,131.16
2025-09-17 06:00:00,131.64
2025-09-17 07:00:00,133.7
2025-09-17 08:00:00,131.42
2025-09-17 09:00:00,128.3
2025-09-17 10:00:00,117.84
2025-09-17 11:00:00,115.36
2025-09-17 12:00:00,115.68
2025-09-17 13:00:00,100.68
2025-09-17 14:00:00,98.69
2025-09-17 15:00:00,94.59
2025-09-17 16:00:00,90.01
2025-09-17 17:00:00,92.83
2025-09-17 18:00:00,94.69
2025-09-17 19:00:00,94.34
2025-09-17 20:00:00,94.52
2025-09-17 21:00:00,94.85
2025-09-17 22:00:00,101.66
2025-09-17 23:00:00,102.51
2025-09-18 00:00:00,103.14
2025-09-18 01:00:00,110.2
2025-09-18 02:00:00,121.61
2025-09-18 03:00:00,118.71
2025-09-18 04:00:00,121.14
2025-09-18 05:00:00,125.63
2025-09-18 06:00:00,122.78
2025-09-18 07:00:00,125.03
2025-09-18 08:00:00,118.33
2025-09-18 09:00:00,122.65
2025-09-18 10:00:00,117.28
2025-09-18 11:00:00,115.2
2025-09-18 12:00:00,105.72
2025-09-18 13:00:00,98.46
2025-09-18 14:00:00,92.69
2025-09-18 15:00:00,92.35
2025-09-18 16:00:00,92.79
2025-09-18 17:00:00,87.32
2025-09-18 18:00:00,86.06
2025-09-18 19:00:00,85.44
2025-09-18 20:00:00,82.61
2025-09-18 21:00:00,93.21
2025-09-18 22:00:00,91.31
2025-09-18 23:00:00,102.78
2025-09-19 00:00:00,93.29
2025-09-19 01:00:00,103.0
2025-09-19 02:00:00,105.37
2025-09-19 03:00:00,107.23
2025-09-19 04:00:00,117.74
2025-09-19 05:00:00,118.33
2025-09-19 06:00:00,115.98
2025-09-19 07:00:00,116.33
2025-09-19 08:00:00,119.11
2025-09-19 09:00:00,112.25
2025-09-19 10:00:00,111.33
2025-09-19 11:00:00,104.43
2025-09-19 12:00:00,95.55
2025-09-19 13:00:00,90.7
2025-09-19 14:00:00,86.67
2025-09-19 15:00:00,82.68
2025-09-19 16:00:00,77.21
2025-09-19 17:00:00,79.54
2025-09-19 18:00:00,78.68
2025-09-19 19:00:00,78.9
2025-09-19 20:00:00,79.66
2025-09-19 21:00:00,77.75
2025-09-19 22:00:00,86.76
2025-09-19 23:00:00,93.31
2025-09-20 00:00:00,96.02
2025-09-20 01:00:00,100.0
2025-09-20 02:00:00,98.84
2025-09-20 03:00:00,103.74
2025-09-20 04:00:00,109.01
2025-09-20 05:00:00,105.8
2025-09-20 06:00:00,109.72
2025-09-20 07:00:00,112.61
2025-09-20 08:00:00,111.11
2025-09-20 09:00:00,103.68
2025-09-20 10:00:00,103.54
2025-09-20 11:00:00,96.91
2025-09-20 12:00:00,90.17
2025-09-20 13:00:00,88.11
2025-09-20 14:00:00,79.07
2025-09-20 15:00:00,79.4
2025-09-20 16:00:00,76.24
2025-09-20 17:00:00,70.27
2025-09-20 18:00:00,73.81
2025-09-20 19:00:00,68.0
2025-09-20 20:00:00,74.87
2025-09-20 21:00:00,77.01
2025-09-20 22:00:00,84.04
2025-09-20 23:00:00,93.05
2025-09-21 00:00:00,90.57
2025-09-21 01:00:00,103.81
2025-09-21 02:00:00,107.1
2025-09-21 03:00:00,112.69
2025-09-21 04:00:00,105.08
2025-09-21 05:00:00,110.97
2025-09-21 06:00:00,118.18
2025-09-21 07:00:00,113.22
2025-09-21 08:00:00,114.0
2025-09-21 09:00:00,114.95
2025-09-21 10:00:00,106.72
2025-09-21 11:00:00,99.79
2025-09-21 12:00:00,99.57
2025-09-21 13:00:00,89.11
2025-09-21 14:00:00,87.0
2025-09-21 15:00:00,78.34
2025-09-21 16:00:00,72.65
2025-09-21 17:00:00,84.68
2025-09-21 18:00:00,75.12
2025-09-21 19:00:00,73.21
2025-09-21 20:00:00,76.57
2025-09-21 21:00:00,80.07
2025-09-21 22:00:00,88.24
2025-09-21 23:00:00,91.25
2025-09-22 00:00:00,106.52
2025-09-22 01:00:00,109.14
2025-09-22 02:00:00,112.64
2025-09-22 03:00:00,117.67
2025-09-22 04:00:00,120.57
2025-09-22 05:00:00,120.51
2025-09-22 06:00:00,122.26
2025-09-22 07:00:00,116.42
2025-09-22 08:00:00,118.41
2025-09-22 09:00:00,110.63
2025-09-22 10:00:00,112.51
2025-09-22 11:00:00,108.45
2025-09-22 12:00:00,102.56
2025-09-22 13:00:00,92.38
2025-09-22 14:00:00,93.74
2025-09-22 15:00:00,88.46
2025-09-22 16:00:00,85.19
2025-09-22 17:00:00,77.5
2025-09-22 18:00:00,82.58
2025-09-22 19:00:00,82.78
2025-09-22 20:00:00,86.02
2025-09-22 21:00:00,92.13
2025-09-22 22:00:00,88.43
2025-09-22 23:00:00,97.91
2025-09-23 00:00:00,108.93
2025-09-23 01:00:00,113.5
2025-09-23 02:00:00,116.63
2025-09-23 03:00:00,119.6
2025-09-23 04:00:00,123.76
2025-09-23 05:00:00,131.2
2025-09-23 06:00:00,129.33
2025-09-23 07:00:00,128.99
2025-09-23 08:00:00,123.53
2025-09-23 09:00:00,126.34
2025-09-23 10:00:00,120.54
2025-09-23 11:00:00,119.51
2025-09-23 12:00:00,112.0
2025-09-23 13:00:00,103.13
2025-09-23 14:00:00,99.31
2025-09-23 15:00:00,95.96
2025-09-23 16:00:00,96.21
2025-09-23 17:00:00,90.21
2025-09-23 18:00:00,86.05
2025-09-23 19:00:00,88.52
2025-09-23 20:00:00,95.62
2025-09-23 21:00:00,94.81
2025-09-23 22:00:00,99.23
2025-09-23 23:00:00,103.28
2025-09-24 00:00:00,111.14
2025-09-24 01:00:00,117.79
2025-09-24 02:00:00,117.03
2025-09-24 03:00:00,126.39
2025-09-24 04:00:00,129.75
2025-09-24 05:00:00,129.75
2025-09-24 06:00:00,137.04
2025-09-24 07:00:00,131.83
2025-09-24 08:00:00,132.27
2025-09-24 09:00:00,126.02
2025-09-24 10:00:00,120.26
2025-09-24 11:00:00,116.23
2025-09-24 12:00:00,110.76
2025-09-24 13:00:00,103.58
2025-09-24 14:00:00,102.03
2025-09-24 15:00:00,99.18
2025-09-24 16:00:00,95.87
2025-09-24 17:00:00,87.08
2025-09-24 18:00:00,89.46
2025-09-24 19:00:00,97.0
2025-09-24 20:00:00,89.86
2025-09-24 21:00:00,96.59
2025-09-24 22:00:00,101.76
2025-09-24 23:00:00,111.18
2025-09-25 00:00:00,105.08
2025-09-25 01:00:00,114.88
2025-09-25 02:00:00,120.26
2025-09-25 03:00:00,123.9
2025-09-25 04:00:00,127.68
2025-09-25 05:00:00,124.03
2025-09-25 06:00:00,126.65
2025-09-25 07:00:00,121.89
2025-09-25 08:00:00,123.68
2025-09-25 09:00:00,122.48
2025-09-25 10:00:00,117.68
2025-09-25 11:00:00,109.5
2025-09-25 12:00:00,109.63
2025-09-25 13:00:00,100.48
2025-09-25 14:00:00,98.74
2025-09-25 15:00:00,88.06
2025-09-25 16:00:00,87.29
2025-09-25 17:00:00,90.77
2025-09-25 18:00:00,88.82
2025-09-25 19:00:00,84.74
2025-09-25 20:00:00,88.89
2025-09-25 21:00:00,91.16
2025-09-25 22:00:00,94.59
2025-09-25 23:00:00,100.33
2025-09-26 00:00:00,102.52
2025-09-26 01:00:00,108.09
2025-09-26 02:00:00,114.07
2025-09-26 03:00:00,112.14
2025-09-26 04:00:00,118.03
2025-09-26 05:00:00,147.54
2025-09-26 06:00:00,140.72
2025-09-26 07:00:00,146.56
2025-09-26 08:00:00,143.1
2025-09-26 09:00:00,110.67
2025-09-26 10:00:00,106.15
2025-09-26 11:00:00,102.95
2025-09-26 12:00:00,102.72
2025-09-26 13:00:00,92.5
2025-09-26 14:00:00,87.29
2025-09-26 15:00:00,83.4
2025-09-26 16:00:00,83.95
2025-09-26 17:00:00,79.67
2025-09-26 18:00:00,78.84
2025-09-26 19:00:00,78.7
2025-09-26 20:00:00,85.43
2025-09-26 21:00:00,84.07
2025-09-26 22:00:00,82.88
2025-09-26 23:00:00,95.25
2025-09-27 00:00:00,91.33
2025-09-27 01:00:00,90.67
2025-09-27 02:00:00,103.01
2025-09-27 03:00:00,106.83
2025-09-27 04:00:00,112.84
2025-09-27 05:00:00,114.11
2025-09-27 06:00:00,111.62
2025-09-27 07:00:00,114.37
2025-09-27 08:00:00,112.18
2025-09-27 09:00:00,105.69
2025-09-27 10:00:00,100.69
2025-09-27 11:00:00,91.77
2025-09-27 12:00:00,94.0
2025-09-27 13:00:00,79.51
2025-09-27 14:00:00,82.3
2025-09-27 15:00:00,78.23
2025-09-27 16:00:00,68.48
2025-09-27 17:00:00,74.81
2025-09-27 18:00:00,70.61
2025-09-27 19:00:00,71.12
2025-09-27 20:00:00,77.13
2025-09-27 21:00:00,77.36
2025-09-27 22:00:00,78.29
2025-09-27 23:00:00,83.58
2025-09-28 00:00:00,95.07
2025-09-28 01:00:00,97.22
2025-09-28 02:00:00,106.59
2025-09-28 03:00:00,110.75
2025-09-28 04:00:00,106.19
2025-09-28 05:00:00,122.15
2025-09-28 06:00:00,119.31
2025-09-28 07:00:00,118.06
2025-09-28 08:00:00,108.23
2025-09-28 09:00:00,107.24
2025-09-28 10:00:00,102.72
2025-09-28 11:00:00,104.9
2025-09-28 12:00:00,94.61
2025-09-28 13:00:00,80.13
2025-09-28 14:00:00,81.18
2025-09-28 15:00:00,77.32
2025-09-28 16:00:00,84.15
2025-09-28 17:00:00,77.02
2025-09-28 18:00:00,74.29
2025-09-28 19:00:00,79.82
2025-09-28 20:00:00,79.48
2025-09-28 21:00:00,81.22
2025-09-28 22:00:00,88.67
2025-09-28 23:00:00,85.76
2025-09-29 00:00:00,100.76
2025-09-29 01:00:00,106.04
2025-09-29 02:00:00,117.85
2025-09-29 03:00:00,116.57
2025-09-29 04:00:00,120.78
2025-09-29 05:00:00,119.79
2025-09-29 06:00:00,121.74
2025-09-29 07:00:00,128.56
2025-09-29 08:00:00,117.31
2025-09-29 09:00:00,123.5
2025-09-29 10:00:00,113.14
2025-09-29 11:00:00,105.2
2025-09-29 12:00:00,98.85
2025-09-29 13:00:00,99.13
2025-09-29 14:00:00,90.96
2025-09-29 15:00:00,90.09
2025-09-29 16:00:00,82.68
2025-09-29 17:00:00,88.07
2025-09-29 18:00:00,87.14
2025-09-29 19:00:00,78.68
2025-09-29 20:00:00,82.58
2025-09-29 21:00:00,89.73
2025-09-29 22:00:00,93.99
2025-09-29 23:00:00,96.3
2025-09-30 00:00:00,108.0
2025-09-30 01:00:00,115.44
2025-09-30 02:00:00,122.66
2025-09-30 03:00:00,123.89
2025-09-30 04:00:00,122.45
2025-09-30 05:00:00,130.42
2025-09-30 06:00:00,128.2
2025-09-30 07:00:00,130.12
2025-09-30 08:00:00,131.42
2025-09-30 09:00:00,118.97
2025-09-30 10:00:00,120.2
2025-09-30 11:00:00,117.13
2025-09-30 12:00:00,111.49
2025-09-30 13:00:00,97.36
2025-09-30 14:00:00,102.21
2025-09-30 15:00:00,97.53
2025-09-30 16:00:00,94.5
2025-09-30 17:00:00,87.36
2025-09-30 18:00:00,96.59
2025-09-30 19:00:00,91.01
2025-09-30 20:00:00,90.07
2025-09-30 21:00:00,93.19
2025-09-30 22:00:00,103.56
2025-09-30 23:00:00,104.28
2025-10-01 00:00:00,110.93
2025-10-01 01:00:00,120.98
2025-10-01 02:00:00,118.89
2025-10-01 03:00:00,127.37
2025-10-01 04:00:00,126.8
2025-10-01 05:00:00,128.28
2025-10-01 06:00:00,134.43
2025-10-01 07:00:00,133.07
2025-10-01 08:00:00,128.58
2025-10-01 09:00:00,129.27
2025-10-01 10:00:00,124.63
2025-10-01 11:00:00,116.23
2025-10-01 12:00:00,109.01
2025-10-01 13:00:00,108.75
2025-10-01 14:00:00,99.73
2025-10-01 15:00:00,92.4
2025-10-01 16:00:00,94.34
2025-10-01 17:00:00,92.31
2025-10-01 18:00:00,91.07
2025-10-01 19:00:00,97.66
2025-10-01 20:00:00,90.96
2025-10-01 21:00:00,99.15
2025-10-01 22:00:00,105.71
2025-10-01 23:00:00,106.39
2025-10-02 00:00:00,108.45
2025-10-02 01:00:00,114.98
2025-10-02 02:00:00,113.99
2025-10-02 03:00:00,123.3
2025-10-02 04:00:00,124.6
2025-10-02 05:00:00,123.02
2025-10-02 06:00:00,128.89
2025-10-02 07:00:00,124.02
2025-10-02 08:00:00,123.44
2025-10-02 09:00:00,121.45
2025-10-02 10:00:00,112.75
2025-10-02 11:00:00,110.85
2025-10-02 12:00:00,109.92
2025-10-02 13:00:00,104.76
2025-10-02 14:00:00,98.2
2025-10-02 15:00:00,87.46
2025-10-02 16:00:00,88.53
2025-10-02 17:00:00,90.31
2025-10-02 18:00:00,82.53
2025-10-02 19:00:00,91.43
2025-10-02 20:00:00,90.76
2025-10-02 21:00:00,91.47
2025-10-02 22:00:00,96.9
2025-10-02 23:00:00,100.57
2025-10-03 00:00:00,97.96
2025-10-03 01:00:00,104.09
2025-10-03 02:00:00,108.45
2025-10-03 03:00:00,114.13
2025-10-03 04:00:00,119.0
2025-10-03 05:00:00,118.5
2025-10-03 06:00:00,116.27
2025-10-03 07:00:00,112.13
2025-10-03 08:00:00,109.35
2025-10-03 09:00:00,115.39
2025-10-03 10:00:00,108.21
2025-10-03 11:00:00,100.72
2025-10-03 12:00:00,101.45
2025-10-03 13:00:00,92.88
2025-10-03 14:00:00,83.74
2025-10-03 15:00:00,81.72
2025-10-03 16:00:00,77.47
2025-10-03 17:00:00,78.0
2025-10-03 18:00:00,75.72
2025-10-03 19:00:00,74.37
2025-10-03 20:00:00,82.94
2025-10-03 21:00:00,84.82
2025-10-03 22:00:00,85.82
2025-10-03 23:00:00,94.87
2025-10-04 00:00:00,95.07
2025-10-04 01:00:00,98.99
2025-10-04 02:00:00,100.1
2025-10-04 03:00:00,103.19
2025-10-04 04:00:00,111.61
2025-10-04 05:00:00,110.11
2025-10-04 06:00:00,111.52
2025-10-04 07:00:00,117.18
2025-10-04 08:00:00,105.61
2025-10-04 09:00:00,107.24
2025-10-04 10:00:00,103.05
2025-10-04 11:00:00,98.69
2025-10-04 12:00:00,95.98
2025-10-04 13:00:00,86.35
2025-10-04 14:00:00,83.3
2025-10-04 15:00:00,81.14
2025-10-04 16:00:00,79.14
2025-10-04 17:00:00,76.94
2025-10-04 18:00:00,76.3
2025-10-04 19:00:00,72.3
2025-10-04 20:00:00,74.42
2025-10-04 21:00:00,79.08
2025-10-04 22:00:00,84.13
2025-10-04 23:00:00,86.91
2025-10-05 00:00:00,99.66
2025-10-05 01:00:00,98.17
2025-10-05 02:00:00,106.77
2025-10-05 03:00:00,103.97
2025-10-05 04:00:00,107.74
2025-10-05 05:00:00,116.51
2025-10-05 06:00:00,116.36
2025-10-05 07:00:00,116.19
2025-10-05 08:00:00,113.59
2025-10-05 09:00:00,111.3
2025-10-05 10:00:00,105.09
2025-10-05 11:00:00,99.34
2025-10-05 12:00:00,94.96
2025-10-05 13:00:00,89.46
2025-10-05 14:00:00,79.08
2025-10-05 15:00:00,78.26
2025-10-05 16:00:00,74.5
2025-10-05 17:00:00,71.14
2025-10-05 18:00:00,71.17
2025-10-05 19:00:00,70.69
2025-10-05 20:00:00,79.31
2025-10-05 21:00:00,82.03
2025-10-05 22:00:00,85.8
2025-10-05 23:00:00,93.8
2025-10-06 00:00:00,102.26
2025-10-06 01:00:00,110.73
2025-10-06 02:00:00,112.46
2025-10-06 03:00:00,117.44
2025-10-06 04:00:00,123.13
2025-10-06 05:00:00,120.17
2025-10-06 06:00:00,126.67
2025-10-06 07:00:00,120.84
2025-10-06 08:00:00,123.81
2025-10-06 09:00:00,115.25
2025-10-06 10:00:00,112.0
2025-10-06 11:00:00,107.18
2025-10-06 12:00:00,105.85
2025-10-06 13:00:00,97.22
2025-10-06 14:00:00,96.59
2025-10-06 15:00:00,91.84
2025-10-06 16:00:00,79.74
2025-10-06 17:00:00,81.38
2025-10-06 18:00:00,81.61
2025-10-06 19:00:00,85.81
2025-10-06 20:00:00,91.15
2025-10-06 21:00:00,86.94
2025-10-06 22:00:00,94.8
2025-10-06 23:00:00,97.69
2025-10-07 00:00:00,108.5
2025-10-07 01:00:00,119.44
2025-10-07 02:00:00,119.01
2025-10-07 03:00:00,125.08
2025-10-07 04:00:00,128.98
2025-10-07 05:00:00,132.12
2025-10-07 06:00:00,131.79
2025-10-07 07:00:00,121.66
2025-10-07 08:00:00,130.44
2025-10-07 09:00:00,123.4
2025-10-07 10:00:00,115.75
2025-10-07 11:00:00,114.15
2025-10-07 12:00:00,105.98
2025-10-07 13:00:00,105.23
2025-10-07 14:00:00,104.5
2025-10-07 15:00:00,98.44
2025-10-07 16:00:00,89.94
2025-10-07 17:00:00,87.12
2025-10-07 18:00:00,87.02
2025-10-07 19:00:00,89.26
2025-10-07 20:00:00,94.89
2025-10-07 21:00:00,95.74
2025-10-07 22:00:00,103.75
2025-10-07 23:00:00,104.19
2025-10-08 00:00:00,111.56
2025-10-08 01:00:00,116.95
2025-10-08 02:00:00,122.3
2025-10-08 03:00:00,125.81
2025-10-08 04:00:00,132.21
2025-10-08 05:00:00,129.22
2025-10-08 06:00:00,136.9
2025-10-08 07:00:00,136.33
2025-10-08 08:00:00,133.99
2025-10-08 09:00:00,125.56
2025-10-08 10:00:00,123.53
2025-10-08 11:00:00,121.22
2025-10-08 12:00:00,111.98
2025-10-08 13:00:00,110.42
2025-10-08 14:00:00,106.34
2025-10-08 15:00:00,99.08
2025-10-08 16:00:00,97.5
2025-10-08 17:00:00,88.98
2025-10-08 18:00:00,91.42
2025-10-08 19:00:00,93.11
2025-10-08 20:00:00,96.03
2025-10-08 21:00:00,93.12
2025-10-08 22:00:00,101.52
2025-10-08 23:00:00,111.09
2025-10-09 00:00:00,110.79
2025-10-09 01:00:00,117.12
2025-10-09 02:00:00,110.59
2025-10-09 03:00:00,126.05
2025-10-09 04:00:00,123.98
2025-10-09 05:00:00,124.19
2025-10-09 06:00:00,124.02
2025-10-09 07:00:00,124.87
2025-10-09 08:00:00,123.4
2025-10-09 09:00:00,117.63
2025-10-09 10:00:00,115.11
2025-10-09 11:00:00,110.71
2025-10-09 12:00:00,104.63
2025-10-09 13:00:00,96.78
2025-10-09 14:00:00,92.78
2025-10-09 15:00:00,95.31
2025-10-09 16:00:00,91.49
2025-10-09 17:00:00,90.93
2025-10-09 18:00:00,85.62
2025-10-09 19:00:00,87.91
2025-10-09 20:00:00,89.04
2025-10-09 21:00:00,90.33
2025-10-09 22:00:00,101.49
2025-10-09 23:00:00,98.82
2025-10-10 00:00:00,97.75
2025-10-10 01:00:00,102.21
2025-10-10 02:00:00,111.83
2025-10-10 03:00:00,117.37
2025-10-10 04:00:00,113.19
2025-10-10 05:00:00,114.71
2025-10-10 06:00:00,122.69
2025-10-10 07:00:00,118.04
2025-10-10 08:00:00,115.34
2025-10-10 09:00:00,113.22
2025-10-10 10:00:00,105.91
2025-10-10 11:00:00,106.9
2025-10-10 12:00:00,107.51
2025-10-10 13:00:00,94.91
2025-10-10 14:00:00,90.03
2025-10-10 15:00:00,80.66
2025-10-10 16:00:00,80.73
2025-10-10 17:00:00,80.47
2025-10-10 18:00:00,82.9
2025-10-10 19:00:00,80.92
2025-10-10 20:00:00,80.35
2025-10-10 21:00:00,87.73
2025-10-10 22:00:00,83.79
2025-10-10 23:00:00,94.62
2025-10-11 00:00:00,93.38
2025-10-11 01:00:00,97.11
2025-10-11 02:00:00,105.12
2025-10-11 03:00:00,101.82
2025-10-11 04:00:00,115.36
2025-10-11 05:00:00,108.28
2025-10-11 06:00:00,110.66
2025-10-11 07:00:00,117.12
2025-10-11 08:00:00,107.82
2025-10-11 09:00:00,106.26
2025-10-11 10:00:00,100.71
2025-10-11 11:00:00,98.78
2025-10-11 12:00:00,70.49
2025-10-11 13:00:00,67.46
2025-10-11 14:00:00,62.96
2025-10-11 15:00:00,60.66
2025-10-11 16:00:00,58.76
2025-10-11 17:00:00,55.7
2025-10-11 18:00:00,55.17
2025-10-11 19:00:00,55.68
2025-10-11 20:00:00,74.06
2025-10-11 21:00:00,82.74
2025-10-11 22:00:00,88.92
2025-10-11 23:00:00,87.65
2025-10-12 00:00:00,91.19
2025-10-12 01:00:00,103.31
2025-10-12 02:00:00,106.17
2025-10-12 03:00:00,108.53
2025-10-12 04:00:00,108.9
2025-10-12 05:00:00,121.68
2025-10-12 06:00:00,113.4
2025-10-12 07:00:00,113.64
2025-10-12 08:00:00,111.05
2025-10-12 09:00:00,113.66
2025-10-12 10:00:00,102.13
2025-10-12 11:00:00,99.96
2025-10-12 12:00:00,92.89
2025-10-12 13:00:00,90.53
2025-10-12 14:00:00,90.51
2025-10-12 15:00:00,84.89
2025-10-12 16:00:00,80.11
2025-10-12 17:00:00,75.57
2025-10-12 18:00:00,79.44
2025-10-12 19:00:00,76.32
2025-10-12 20:00:00,76.23
2025-10-12 21:00:00,83.99
2025-10-12 22:00:00,83.53
2025-10-12 23:00:00,94.94
2025-10-13 00:00:00,104.77
2025-10-13 01:00:00,108.62
2025-10-13 02:00:00,119.12
2025-10-13 03:00:00,110.12
2025-10-13 04:00:00,121.77
2025-10-13 05:00:00,124.48
2025-10-13 06:00:00,125.51
2025-10-13 07:00:00,120.1
2025-10-13 08:00:00,123.72
2025-10-13 09:00:00,118.75
2025-10-13 10:00:00,110.53
2025-10-13 11:00:00,114.38
2025-10-13 12:00:00,104.91
2025-10-13 13:00:00,99.59
2025-10-13 14:00:00,94.74
2025-10-13 15:00:00,93.26
2025-10-13 16:00:00,87.31
2025-10-13 17:00:00,86.42
2025-10-13 18:00:00,82.83
2025-10-13 19:00:00,85.05
2025-10-13 20:00:00,82.16
2025-10-13 21:00:00,92.25
2025-10-13 22:00:00,91.35
2025-10-13 23:00:00,100.71
2025-10-14 00:00:00,114.25
2025-10-14 01:00:00,115.52
2025-10-14 02:00:00,122.45
2025-10-14 03:00:00,125.94
2025-10-14 04:00:00,132.49
2025-10-14 05:00:00,128.95
2025-10-14 06:00:00,134.0
2025-10-14 07:00:00,128.91
2025-10-14 08:00:00,127.74
2025-10-14 09:00:00,126.02
2025-10-14 10:00:00,119.14
2025-10-14 11:00:00,116.43
2025-10-14 12:00:00,112.64
2025-10-14 13:00:00,105.29
2025-10-14 14:00:00,99.44
2025-10-14 15:00:00,102.9
2025-10-14 16:00:00,89.44
2025-10-14 17:00:00,94.36
2025-10-14 18:00:00,90.6
2025-10-14 19:00:00,91.42
2025-10-14 20:00:00,91.62
2025-10-14 21:00:00,98.81
2025-10-14 22:00:00,102.34
2025-10-14 23:00:00,108.78
2025-10-15 00:00:00,112.67
2025-10-15 01:00:00,112.82
2025-10-15 02:00:00,123.02
2025-10-15 03:00:00,129.02
2025-10-15 04:00:00,132.36
2025-10-15 05:00:00,130.39
2025-10-15 06:00:00,135.19
2025-10-15 07:00:00,135.26
2025-10-15 08:00:00,137.55
2025-10-15 09:00:00,122.05
2025-10-15 10:00:00,120.59
2025-10-15 11:00:00,122.34
2025-10-15 12:00:00,118.31
2025-10-15 13:00:00,105.45
2025-10-15 14:00:00,101.76
2025-10-15 15:00:00,100.87
2025-10-15 16:00:00,100.79
2025-10-15 17:00:00,94.24
2025-10-15 18:00:00,98.16
2025-10-15 19:00:00,94.55
2025-10-15 20:00:00,97.0
2025-10-15 21:00:00,99.32
2025-10-15 22:00:00,104.8
2025-10-15 23:00:00,109.19
2025-10-16 00:00:00,109.02
2025-10-16 01:00:00,115.42
2025-10-16 02:00:00,119.79
2025-10-16 03:00:00,122.51
2025-10-16 04:00:00,125.93
2025-10-16 05:00:00,124.99
2025-10-16 06:00:00,133.87
2025-10-16 07:00:00,127.35
2025-10-16 08:00:00,119.73
2025-10-16 09:00:00,118.86
2025-10-16 10:00:00,118.77
2025-10-16 11:00:00,112.27
2025-10-16 12:00:00,105.6
2025-10-16 13:00:00,104.47
2025-10-16 14:00:00,100.73
2025-10-16 15:00:00,96.64
2025-10-16 16:00:00,92.04
2025-10-16 17:00:00,89.92
2025-10-16 18:00:00,84.44
2025-10-16 19:00:00,83.39
2025-10-16 20:00:00,91.71
2025-10-16 21:00:00,93.63
2025-10-16 22:00:00,93.21
2025-10-16 23:00:00,104.72
2025-10-17 00:00:00,102.11
2025-10-17 01:00:00,112.1
2025-10-17 02:00:00,112.63
2025-10-17 03:00:00,112.35
2025-10-17 04:00:00,116.5
2025-10-17 05:00:00,120.87
2025-10-17 06:00:00,124.86
2025-10-17 07:00:00,117.61
2025-10-17 08:00:00,116.85
2025-10-17 09:00:00,113.53
2025-10-17 10:00:00,108.31
2025-10-17 11:00:00,105.16
2025-10-17 12:00:00,100.31
2025-10-17 13:00:00,95.73
2025-10-17 14:00:00,89.46
2025-10-17 15:00:00,83.05
2025-10-17 16:00:00,83.6
2025-10-17 17:00:00,75.97
2025-10-17 18:00:00,80.73
2025-10-17 19:00:00,74.22
2025-10-17 20:00:00,80.82
2025-10-17 21:00:00,86.47
2025-10-17 22:00:00,89.74
2025-10-17 23:00:00,92.33
2025-10-18 00:00:00,96.16
2025-10-18 01:00:00,98.9
2025-10-18 02:00:00,101.9
2025-10-18 03:00:00,99.54
2025-10-18 04:00:00,113.48
2025-10-18 05:00:00,113.61
2025-10-18 06:00:00,113.24
2025-10-18 07:00:00,109.4
2025-10-18 08:00:00,116.93
2025-10-18 09:00:00,110.61
2025-10-18 10:00:00,104.45
2025-10-18 11:00:00,101.36
2025-10-18 12:00:00,89.79
2025-10-18 13:00:00,89.5
2025-10-18 14:00:00,84.87
2025-10-18 15:00:00,78.62
2025-10-18 16:00:00,74.14
2025-10-18 17:00:00,75.32
2025-10-18 18:00:00,80.33
2025-10-18 19:00:00,75.65
2025-10-18 20:00:00,78.95
2025-10-18 21:00:00,80.05
2025-10-18 22:00:00,83.24
2025-10-18 23:00:00,89.32
2025-10-19 00:00:00,96.96
2025-10-19 01:00:00,101.28
2025-10-19 02:00:00,101.88
2025-10-19 03:00:00,110.28
2025-10-19 04:00:00,111.95
2025-10-19 05:00:00,120.55
2025-10-19 06:00:00,115.44
2025-10-19 07:00:00,112.44
2025-10-19 08:00:00,111.46
2025-10-19 09:00:00,108.3
2025-10-19 10:00:00,104.86
2025-10-19 11:00:00,99.67
2025-10-19 12:00:00,97.85
2025-10-19 13:00:00,86.56
2025-10-19 14:00:00,86.09
2025-10-19 15:00:00,78.72
2025-10-19 16:00:00,81.98
2025-10-19 17:00:00,76.06
2025-10-19 18:00:00,78.85
2025-10-19 19:00:00,81.37
2025-10-19 20:00:00,78.49
2025-10-19 21:00:00,77.87
2025-10-19 22:00:00,91.72
2025-10-19 23:00:00,88.26
2025-10-20 00:00:00,104.35
2025-10-20 01:00:00,108.24
2025-10-20 02:00:00,116.42
2025-10-20 03:00:00,123.58
2025-10-20 04:00:00,124.88
2025-10-20 05:00:00,126.65
2025-10-20 06:00:00,123.45
2025-10-20 07:00:00,120.41
2025-10-20 08:00:00,121.79
2025-10-20 09:00:00,119.24
2025-10-20 10:00:00,113.24
2025-10-20 11:00:00,114.46
2025-10-20 12:00:00,105.71
2025-10-20 13:00:00,97.92
2025-10-20 14:00:00,96.28
2025-10-20 15:00:00,83.67
2025-10-20 16:00:00,85.35
2025-10-20 17:00:00,78.27
2025-10-20 18:00:00,84.39
2025-10-20 19:00:00,86.16
2025-10-20 20:00:00,96.96
2025-10-20 21:00:00,88.02
2025-10-20 22:00:00,92.6
2025-10-20 23:00:00,94.6
2025-10-21 00:00:00,112.11
2025-10-21 01:00:00,115.54
2025-10-21 02:00:00,122.31
2025-10-21 03:00:00,119.9
2025-10-21 04:00:00,128.42
2025-10-21 05:00:00,133.66
2025-10-21 06:00:00,133.12
2025-10-21 07:00:00,130.16
2025-10-21 08:00:00,129.56
2025-10-21 09:00:00,126.25
2025-10-21 10:00:00,121.25
2025-10-21 11:00:00,115.09
2025-10-21 12:00:00,114.12
2025-10-21 13:00:00,108.76
2025-10-21 14:00:00,102.98
2025-10-21 15:00:00,99.08
2025-10-21 16:00:00,96.96
2025-10-21 17:00:00,90.48
2025-10-21 18:00:00,88.88
2025-10-21 19:00:00,90.63
2025-10-21 20:00:00,96.15
2025-10-21 21:00:00,99.74
2025-10-21 22:00:00,102.14
2025-10-21 23:00:00,106.89
2025-10-22 00:00:00,116.99
2025-10-22 01:00:00,123.29
2025-10-22 02:00:00,122.89
2025-10-22 03:00:00,129.58
2025-10-22 04:00:00,127.05
2025-10-22 05:00:00,138.17
2025-10-22 06:00:00,137.64
2025-10-22 07:00:00,132.24
2025-10-22 08:00:00,131.47
2025-10-22 09:00:00,124.78
2025-10-22 10:00:00,122.25
2025-10-22 11:00:00,120.89
2025-10-22 12:00:00,110.52
2025-10-22 13:00:00,107.46
2025-10-22 14:00:00,108.17
2025-10-22 15:00:00,105.0
2025-10-22 16:00:00,95.84
2025-10-22 17:00:00,93.76
2025-10-22 18:00:00,93.53
2025-10-22 19:00:00,95.11
2025-10-22 20:00:00,99.83
2025-10-22 21:00:00,100.69
2025-10-22 22:00:00,104.71
2025-10-22 23:00:00,105.57
2025-10-23 00:00:00,106.2
2025-10-23 01:00:00,111.91
2025-10-23 02:00:00,159.14
2025-10-23 03:00:00,150.27
2025-10-23 04:00:00,161.6
2025-10-23 05:00:00,125.0
2025-10-23 06:00:00,120.33
2025-10-23 07:00:00,125.65
2025-10-23 08:00:00,127.94
2025-10-23 09:00:00,120.97
2025-10-23 10:00:00,118.43
2025-10-23 11:00:00,108.52
2025-10-23 12:00:00,107.67
2025-10-23 13:00:00,103.14
2025-10-23 14:00:00,94.64
2025-10-23 15:00:00,101.14
2025-10-23 16:00:00,88.29
2025-10-23 17:00:00,93.51
2025-10-23 18:00:00,87.85
2025-10-23 19:00:00,89.77
2025-10-23 20:00:00,92.38
2025-10-23 21:00:00,93.65
2025-10-23 22:00:00,100.13
2025-10-23 23:00:00,99.58
2025-10-24 00:00:00,97.7
2025-10-24 01:00:00,104.29
2025-10-24 02:00:00,109.1
2025-10-24 03:00:00,119.94
2025-10-24 04:00:00,120.26
2025-10-24 05:00:00,126.39
2025-10-24 06:00:00,115.67
2025-10-24 07:00:00,120.46
2025-10-24 08:00:00,121.57
2025-10-24 09:00:00,115.11
2025-10-24 10:00:00,111.39
2025-10-24 11:00:00,102.91
2025-10-24 12:00:00,101.32
2025-10-24 13:00:00,93.94
2025-10-24 14:00:00,86.79
2025-10-24 15:00:00,91.08
2025-10-24 16:00:00,80.41
2025-10-24 17:00:00,74.34
2025-10-24 18:00:00,77.92
2025-10-24 19:00:00,83.31
2025-10-24 20:00:00,82.26
2025-10-24 21:00:00,89.19
2025-10-24 22:00:00,90.85
2025-10-24 23:00:00,98.98
2025-10-25 00:00:00,88.57
2025-10-25 01:00:00,98.29
2025-10-25 02:00:00,101.7
2025-10-25 03:00:00,111.49
2025-10-25 04:00:00,110.5
2025-10-25 05:00:00,113.3
2025-10-25 06:00:00,114.21
2025-10-25 07:00:00,107.35
2025-10-25 08:00:00,109.32
2025-10-25 09:00:00,111.43
2025-10-25 10:00:00,102.07
2025-10-25 11:00:00,95.2
2025-10-25 12:00:00,97.0
2025-10-25 13:00:00,86.43
2025-10-25 14:00:00,84.8
2025-10-25 15:00:00,82.37
2025-10-25 16:00:00,75.26
2025-10-25 17:00:00,75.57
2025-10-25 18:00:00,70.18
2025-10-25 19:00:00,77.54
2025-10-25 20:00:00,81.0
2025-10-25 21:00:00,84.37
2025-10-25 22:00:00,82.44
2025-10-25 23:00:00,89.88
2025-10-26 00:00:00,99.69
2025-10-26 01:00:00,95.78
2025-10-26 02:00:00,111.8
2025-10-26 03:00:00,111.01
2025-10-26 04:00:00,115.77
2025-10-26 05:00:00,113.01
2025-10-26 06:00:00,115.37
2025-10-26 07:00:00,118.16
2025-10-26 08:00:00,115.54
2025-10-26 09:00:00,112.01
2025-10-26 10:00:00,107.38
2025-10-26 11:00:00,101.76
2025-10-26 12:00:00,97.82
2025-10-26 13:00:00,92.58
2025-10-26 14:00:00,84.29
2025-10-26 15:00:00,83.7
2025-10-26 16:00:00,78.04
2025-10-26 17:00:00,74.38
2025-10-26 18:00:00,76.79
2025-10-26 19:00:00,77.33
2025-10-26 20:00:00,77.58
2025-10-26 21:00:00,85.15
2025-10-26 22:00:00,89.61
2025-10-26 23:00:00,90.47
2025-10-27 00:00:00,104.59
2025-10-27 01:00:00,108.59
2025-10-27 02:00:00,113.21
2025-10-27 03:00:00,124.86
2025-10-27 04:00:00,124.54
2025-10-27 05:00:00,119.45
2025-10-27 06:00:00,127.17
2025-10-27 07:00:00,127.66
2025-10-27 08:00:00,125.74
2025-10-27 09:00:00,115.65
2025-10-27 10:00:00,115.8
2025-10-27 11:00:00,110.51
2025-10-27 12:00:00,107.8
2025-10-27 13:00:00,105.49
2025-10-27 14:00:00,91.27
2025-10-27 15:00:00,92.64
2025-10-27 16:00:00,87.78
2025-10-27 17:00:00,83.29
2025-10-27 18:00:00,78.7
2025-10-27 19:00:00,84.25
2025-10-27 20:00:00,86.11
2025-10-27 21:00:00,90.97
2025-10-27 22:00:00,95.77
2025-10-27 23:00:00,97.66
2025-10-28 00:00:00,119.78
2025-10-28 01:00:00,121.91
2025-10-28 02:00:00,123.04
2025-10-28 03:00:00,131.65
2025-10-28 04:00:00,125.1
2025-10-28 05:00:00,131.5
2025-10-28 06:00:00,134.5
2025-10-28 07:00:00,135.14
2025-10-28 08:00:00,124.9
2025-10-28 09:00:00,127.97
2025-10-28 10:00:00,124.82
2025-10-28 11:00:00,118.85
2025-10-28 12:00:00,115.58
2025-10-28 13:00:00,105.68
2025-10-28 14:00:00,104.87
2025-10-28 15:00:00,96.94
2025-10-28 16:00:00,91.32
2025-10-28 17:00:00,96.01
2025-10-28 18:00:00,94.47
2025-10-28 19:00:00,94.07
2025-10-28 20:00:00,99.01
2025-10-28 21:00:00,98.44
2025-10-28 22:00:00,107.04
2025-10-28 23:00:00,106.31
2025-10-29 00:00:00,112.74
2025-10-29 01:00:00,121.7
2025-10-29 02:00:00,126.65
2025-10-29 03:00:00,128.52
2025-10-29 04:00:00,130.21
2025-10-29 05:00:00,133.26
2025-10-29 06:00:00,135.55
2025-10-29 07:00:00,135.48
2025-10-29 08:00:00,130.51
2025-10-29 09:00:00,136.7
2025-10-29 10:00:00,124.82
2025-10-29 11:00:00,117.6
2025-10-29 12:00:00,115.46
2025-10-29 13:00:00,110.14
2025-10-29 14:00:00,110.01
2025-10-29 15:00:00,98.05
2025-10-29 16:00:00,98.81
2025-10-29 17:00:00,98.97
2025-10-29 18:00:00,99.88
2025-10-29 19:00:00,96.21
2025-10-29 20:00:00,96.08
2025-10-29 21:00:00,101.9
2025-10-29 22:00:00,106.76
2025-10-29 23:00:00,115.14
2025-10-30 00:00:00,104.11
2025-10-30 01:00:00,117.31
2025-10-30 02:00:00,119.05
2025-10-30 03:00:00,127.19
2025-10-30 04:00:00,126.49
2025-10-30 05:00:00,129.3
2025-10-30 06:00:00,131.92
2025-10-30 07:00:00,128.3
2025-10-30 08:00:00,128.07
2025-10-30 09:00:00,122.53
2025-10-30 10:00:00,119.86
2025-10-30 11:00:00,117.5
2025-10-30 12:00:00,102.89
2025-10-30 13:00:00,98.52
2025-10-30 14:00:00,103.96
2025-10-30 15:00:00,95.72
2025-10-30 16:00:00,89.6
2025-10-30 17:00:00,92.85
2025-10-30 18:00:00,86.93
2025-10-30 19:00:00,85.03
2025-10-30 20:00:00,92.86
2025-10-30 21:00:00,94.03
2025-10-30 22:00:00,94.85
2025-10-30 23:00:00,108.14
